case_id,cohort,identity_key,group_id,site,collection
BraTS2021_00000,primary,0e1ea2ade5b203d8,DEV0003,18,UCSF-PDGM
BraTS2021_00002,primary,890f0ce93bebae5b,DEV0004,18,UCSF-PDGM
BraTS2021_00003,primary,c70d3f4521699446,DEV0005,18,UCSF-PDGM
BraTS2021_00005,primary,6eca3d8b6bf1705a,DEV0006,18,UCSF-PDGM
BraTS2021_00006,primary,c3bf48510ea4de65,DEV0007,18,UCSF-PDGM
BraTS2021_00008,primary,51a672ba3bd1d57f,DEV0008,18,UCSF-PDGM
BraTS2021_00009,primary,2641266d442bf4c1,DEV0009,18,UCSF-PDGM
BraTS2021_00011,primary,dc28a428dea36b60,DEV0010,18,UCSF-PDGM
BraTS2021_00012,primary,2fc1462abced8295,DEV0011,18,UCSF-PDGM
BraTS2021_00014,primary,54044e0db0ad2f1a,DEV0012,18,UCSF-PDGM
BraTS2021_00016,primary,9e68d6919101cd9c,DEV0013,18,UCSF-PDGM
BraTS2021_00017,primary,daf7bc0ab9711e7c,DEV0014,18,UCSF-PDGM
BraTS2021_00018,primary,6358dabc90c37519,DEV0015,18,UCSF-PDGM
BraTS2021_00019,primary,10f9df4da8f812bd,DEV0016,18,UCSF-PDGM
BraTS2021_00020,primary,271f99ba3c3a375e,DEV0017,18,UCSF-PDGM
BraTS2021_00021,primary,142273d4319869b7,DEV0018,18,UCSF-PDGM
BraTS2021_00022,primary,15dfba2b83d5a36d,DEV0019,18,UCSF-PDGM
BraTS2021_00024,primary,41172b55d7018abe,DEV0020,18,UCSF-PDGM
BraTS2021_00025,primary,8c3ed0de5170056d,DEV0021,18,UCSF-PDGM
BraTS2021_00026,primary,0349d8f184df6d7c,DEV0022,18,UCSF-PDGM
BraTS2021_00028,primary,df531e0cbb877478,DEV0023,18,UCSF-PDGM
BraTS2021_00030,primary,c12ab516598bda4a,DEV0024,18,UCSF-PDGM
BraTS2021_00031,primary,43470ee41f8443b2,DEV0025,18,UCSF-PDGM
BraTS2021_00032,primary,f35be7d7c251e766,DEV0026,18,UCSF-PDGM
BraTS2021_00033,primary,3d658c75151a94e6,DEV0027,18,UCSF-PDGM
BraTS2021_00035,primary,f8bf34e352b8bd91,DEV0028,18,UCSF-PDGM
BraTS2021_00036,primary,fa5676c751131fea,DEV0029,18,UCSF-PDGM
BraTS2021_00043,primary,f20a7a8f0911bd25,DEV0030,18,UCSF-PDGM
BraTS2021_00044,primary,bcd6c18b7c63a43d,DEV0031,18,UCSF-PDGM
BraTS2021_00045,primary,e1a37c1c468192b9,DEV0032,18,UCSF-PDGM
BraTS2021_00046,primary,26fe68369474ed36,DEV0033,18,UCSF-PDGM
BraTS2021_00048,primary,bdd45e141b2ac7ff,DEV0034,18,UCSF-PDGM
BraTS2021_00049,primary,73a800e014272ed8,DEV0035,18,UCSF-PDGM
BraTS2021_00051,primary,b8ae645bbe7d3706,DEV0036,18,UCSF-PDGM
BraTS2021_00052,primary,ea1dbd0e5946a946,DEV0037,18,UCSF-PDGM
BraTS2021_00053,primary,4e530ff362c926d1,DEV0038,18,UCSF-PDGM
BraTS2021_00054,primary,35276d07bc316332,DEV0039,18,UCSF-PDGM
BraTS2021_00056,primary,f8bf2ed87a7f3093,DEV0040,18,UCSF-PDGM
BraTS2021_00058,primary,3fc7a5c87ebf0b32,DEV0041,18,UCSF-PDGM
BraTS2021_00059,primary,e3b65c4bbbd3d182,DEV0042,18,UCSF-PDGM
BraTS2021_00060,primary,f2387669192dfd34,DEV0043,18,UCSF-PDGM
BraTS2021_00061,primary,d66bc31b32e3d107,DEV0044,18,UCSF-PDGM
BraTS2021_00062,primary,a1c0639f07d42eec,DEV0045,18,UCSF-PDGM
BraTS2021_00063,primary,f3a4a2ce399962f8,DEV0046,18,UCSF-PDGM
BraTS2021_00064,primary,7b508c1bd7558048,DEV0047,18,UCSF-PDGM
BraTS2021_00066,primary,a779cfe8d1eda8f2,DEV0048,18,UCSF-PDGM
BraTS2021_00068,primary,78829c4a9d17b590,DEV0049,18,UCSF-PDGM
BraTS2021_00070,primary,5a06bf19049650f7,DEV0050,18,UCSF-PDGM
BraTS2021_00071,primary,8c03264794904cee,DEV0051,18,UCSF-PDGM
BraTS2021_00072,primary,6e894ff538c62ff0,DEV0052,18,UCSF-PDGM
BraTS2021_00074,primary,0d5aace4b5c05bef,DEV0053,18,UCSF-PDGM
BraTS2021_00077,primary,48106cd0338e0ded,DEV0054,18,UCSF-PDGM
BraTS2021_00078,primary,2d44b4ff70dd99c7,DEV0055,18,UCSF-PDGM
BraTS2021_00081,primary,a043a50ab809220e,DEV0056,18,UCSF-PDGM
BraTS2021_00084,primary,6797408acbd8cb26,DEV0057,18,UCSF-PDGM
BraTS2021_00085,primary,0210ceda910a3afb,DEV0058,18,UCSF-PDGM
BraTS2021_00087,primary,b2a730a454af3d51,DEV0059,18,UCSF-PDGM
BraTS2021_00088,primary,c9c0db877b666aae,DEV0060,18,UCSF-PDGM
BraTS2021_00089,primary,eb07166d5c530a34,DEV0061,18,UCSF-PDGM
BraTS2021_00090,primary,010026d128ccc704,DEV0062,18,UCSF-PDGM
BraTS2021_00094,primary,b9b723cdecfe1eb9,DEV0063,18,UCSF-PDGM
BraTS2021_00095,primary,a00378a732433447,DEV0064,18,UCSF-PDGM
BraTS2021_00096,primary,8bb6c68bdfdd7d63,DEV0065,18,UCSF-PDGM
BraTS2021_00097,primary,4e941d7783046254,DEV0066,18,UCSF-PDGM
BraTS2021_00098,primary,12158efe5b3b864c,DEV0067,18,UCSF-PDGM
BraTS2021_00099,primary,30a9515204de1536,DEV0068,18,UCSF-PDGM
BraTS2021_00100,primary,84ac84a36662576f,DEV0069,5,TCGA-GBM
BraTS2021_00101,primary,b5646824ee8b6b04,DEV0070,20,CPTAC-GBM
BraTS2021_00102,primary,369d0bd2167b2ade,DEV0071,5,TCGA-GBM
BraTS2021_00103,primary,95955083a899e1eb,DEV0072,18,UCSF-PDGM
BraTS2021_00104,primary,6a220628b7e7f869,DEV0073,8,TCGA-GBM
BraTS2021_00105,primary,c6c4502919476763,DEV0074,6,TCGA-GBM
BraTS2021_00106,primary,4bca1ad5a1b53069,DEV0075,10,TCGA-GBM
BraTS2021_00107,primary,4cb32e3dcb5a83be,DEV0076,11,TCGA-GBM
BraTS2021_00108,primary,0a9186ada8540cbe,DEV0077,11,TCGA-GBM
BraTS2021_00109,primary,46f6d15a16aba90b,DEV0078,5,TCGA-GBM
BraTS2021_00110,primary,c447cbf0fea7029e,DEV0079,8,TCGA-GBM
BraTS2021_00111,primary,49136915a29ebe2c,DEV0080,10,TCGA-GBM
BraTS2021_00112,primary,904c6b0b1747727f,DEV0081,8,TCGA-GBM
BraTS2021_00113,primary,507757714bb45c0f,DEV0082,5,TCGA-GBM
BraTS2021_00115,primary,bbc4cc7e0ec52f00,DEV0083,16,IvyGAP
BraTS2021_00116,primary,6e0b807a5b6e5140,DEV0084,9,TCGA-GBM
BraTS2021_00117,primary,0f1dedeb4499546b,DEV0085,10,TCGA-GBM
BraTS2021_00118,quarantine,,,22,Collection3
BraTS2021_00120,primary,97c2729c01415c05,DEV0086,6,TCGA-GBM
BraTS2021_00121,primary,70b6a97f019245e5,DEV0087,6,TCGA-GBM
BraTS2021_00122,primary,fb36f9b87a254de3,DEV0088,11,TCGA-GBM
BraTS2021_00123,primary,fd2ca9233728b3e8,DEV0089,5,TCGA-GBM
BraTS2021_00124,primary,3063b28c269eea43,DEV0090,10,TCGA-GBM
BraTS2021_00126,quarantine,,,22,Collection3
BraTS2021_00127,primary,e7dd6c83d77fcccb,DEV0091,20,CPTAC-GBM
BraTS2021_00128,primary,4844d2a63c511fa4,DEV0092,8,TCGA-GBM
BraTS2021_00130,primary,af3ec567a39a9d59,DEV0093,10,TCGA-GBM
BraTS2021_00132,primary,15d8b4785085e9fe,DEV0094,6,TCGA-GBM
BraTS2021_00133,primary,9070487cf543c184,DEV0095,6,TCGA-GBM
BraTS2021_00134,primary,b942048d9e456048,DEV0096,9,TCGA-GBM
BraTS2021_00136,primary,0f6b366de35dc3ef,DEV0097,6,TCGA-GBM
BraTS2021_00137,primary,35d306fa840721a1,DEV0098,6,TCGA-GBM
BraTS2021_00138,primary,bc17b2bfaa7ad20d,DEV0099,10,TCGA-GBM
BraTS2021_00139,primary,aa9b8bcea69ed00c,DEV0100,5,TCGA-GBM
BraTS2021_00140,primary,d6c86fee9987d73d,DEV0101,8,TCGA-GBM
BraTS2021_00142,primary,14ef10d4069068c0,DEV0102,6,TCGA-GBM
BraTS2021_00143,primary,9c26930189b7fe09,DEV0103,6,TCGA-GBM
BraTS2021_00144,primary,1233cf23ac34175b,DEV0104,6,TCGA-GBM
BraTS2021_00146,primary,f17393e96a341cae,DEV0105,6,TCGA-GBM
BraTS2021_00147,primary,6b00dfc3b82c6f3f,DEV0106,6,TCGA-GBM
BraTS2021_00148,primary,586e267efa1b50d1,DEV0107,11,TCGA-GBM
BraTS2021_00149,primary,0b5915b916d75002,DEV0108,5,TCGA-GBM
BraTS2021_00150,primary,ba2d1fdac5aefabc,DEV0109,9,TCGA-GBM
BraTS2021_00151,primary,d5a321fed142a127,DEV0110,5,TCGA-GBM
BraTS2021_00442,primary,f497b86ba4a7f12a,DEV0111,20,CPTAC-GBM
BraTS2021_00443,primary,bcc0fff22092c73e,DEV0112,20,CPTAC-GBM
BraTS2021_00444,primary,6e59c01600ba7892,DEV0113,20,CPTAC-GBM
BraTS2021_00445,primary,34f4228a44414cbc,DEV0114,20,CPTAC-GBM
BraTS2021_00446,primary,7d89389114cc422c,DEV0115,20,CPTAC-GBM
BraTS2021_00448,primary,74f2b57aa8cc0860,DEV0116,20,CPTAC-GBM
BraTS2021_00449,primary,b8234cfa2eb29b5c,DEV0117,20,CPTAC-GBM
BraTS2021_00451,primary,46182f8ebc2bda3e,DEV0118,20,CPTAC-GBM
BraTS2021_00452,primary,250e512e84e7d077,DEV0119,20,CPTAC-GBM
BraTS2021_00453,primary,d03a5445fc7f17cb,DEV0120,20,CPTAC-GBM
BraTS2021_00454,primary,a71cbb4c1938f0bc,DEV0121,20,CPTAC-GBM
BraTS2021_00455,primary,61f84e8cbd186ae4,DEV0122,20,CPTAC-GBM
BraTS2021_00456,primary,e2ca1888b757e62d,DEV0123,20,CPTAC-GBM
BraTS2021_00457,primary,f72d4ec3993ca88c,DEV0124,20,CPTAC-GBM
BraTS2021_00459,primary,efe1344ab626c29c,DEV0125,20,CPTAC-GBM
BraTS2021_00464,primary,801d7c9b1b4dcb97,DEV0126,18,UCSF-PDGM
BraTS2021_00466,primary,e2e323d769628d2e,DEV0127,18,UCSF-PDGM
BraTS2021_00468,primary,eaf29270732f6889,DEV0128,18,UCSF-PDGM
BraTS2021_00469,primary,132004ea34d4eb05,DEV0129,18,UCSF-PDGM
BraTS2021_00470,primary,24b1c639b7ae9cd4,DEV0130,18,UCSF-PDGM
BraTS2021_00472,primary,9f6852939d99a0a9,DEV0131,18,UCSF-PDGM
BraTS2021_00477,primary,3b0d954e04c1fefc,DEV0132,18,UCSF-PDGM
BraTS2021_00478,primary,666861b2ed959f6e,DEV0133,18,UCSF-PDGM
BraTS2021_00479,primary,34eec3cd8803b4f0,DEV0134,18,UCSF-PDGM
BraTS2021_00480,primary,38c77882d7cee3e4,DEV0135,18,UCSF-PDGM
BraTS2021_00481,primary,31fa2e95b1f69180,DEV0136,18,UCSF-PDGM
BraTS2021_00483,primary,2eec2cc4826d41ac,DEV0137,18,UCSF-PDGM
BraTS2021_00485,primary,9099ac0664417a1e,DEV0138,18,UCSF-PDGM
BraTS2021_00488,primary,2d6ad6e303c48eaa,DEV0139,18,UCSF-PDGM
BraTS2021_00491,primary,d7663b9613dff955,DEV0140,18,UCSF-PDGM
BraTS2021_00493,primary,33ed8cb95d2dbc73,DEV0141,18,UCSF-PDGM
BraTS2021_00494,primary,d1f972a22c28a0f9,DEV0142,18,UCSF-PDGM
BraTS2021_00495,primary,accc177500768405,DEV0143,18,UCSF-PDGM
BraTS2021_00496,primary,0fb8ac497e5f9c24,DEV0144,18,UCSF-PDGM
BraTS2021_00498,primary,3644f07956f963b4,DEV0145,18,UCSF-PDGM
BraTS2021_00499,primary,c3a1259aba8c879f,DEV0146,18,UCSF-PDGM
BraTS2021_00500,primary,15c8bb8b4d9fdd3f,DEV0147,18,UCSF-PDGM
BraTS2021_00501,primary,e528ac4a3d658fad,DEV0148,18,UCSF-PDGM
BraTS2021_00502,primary,a29278c0fa9a4dec,DEV0149,18,UCSF-PDGM
BraTS2021_00504,primary,dc908aeeab5e1317,DEV0150,18,UCSF-PDGM
BraTS2021_00505,primary,9b6291e690d5a8f9,DEV0151,18,UCSF-PDGM
BraTS2021_00506,primary,19faf0a86a1d4e8c,DEV0152,18,UCSF-PDGM
BraTS2021_00507,primary,be3cd90002313847,DEV0153,18,UCSF-PDGM
BraTS2021_00510,primary,ddbe67d7de7d99a7,DEV0154,18,UCSF-PDGM
BraTS2021_00511,primary,f1a13b33f9d755ba,DEV0155,18,UCSF-PDGM
BraTS2021_00512,primary,ad6ad2b65ff945e0,DEV0156,18,UCSF-PDGM
BraTS2021_00513,primary,9982a79c41fa8957,DEV0157,18,UCSF-PDGM
BraTS2021_00514,primary,df3145c6711eefc4,DEV0158,18,UCSF-PDGM
BraTS2021_00516,primary,1aa6133403e7f061,DEV0159,18,UCSF-PDGM
BraTS2021_00517,primary,cdc4f41606f11757,DEV0160,18,UCSF-PDGM
BraTS2021_00518,primary,2b2e20b6d1c394b4,DEV0161,18,UCSF-PDGM
BraTS2021_00519,primary,2779f444ffde847e,DEV0162,18,UCSF-PDGM
BraTS2021_00520,primary,f4b2b755794f4707,DEV0163,18,UCSF-PDGM
BraTS2021_00523,primary,f6c42eb9f7537399,DEV0164,18,UCSF-PDGM
BraTS2021_00524,primary,8694b58046a3b46c,DEV0165,18,UCSF-PDGM
BraTS2021_00525,primary,39690cb413377b71,DEV0166,18,UCSF-PDGM
BraTS2021_00526,primary,c22cd6933ac102bc,DEV0167,18,UCSF-PDGM
BraTS2021_00528,primary,08581ea041b4cdc1,DEV0168,18,UCSF-PDGM
BraTS2021_00529,primary,8d9cada17785d1d0,DEV0169,18,UCSF-PDGM
BraTS2021_00530,primary,331c841154706a47,DEV0170,18,UCSF-PDGM
BraTS2021_00532,primary,ceb2e190122ff80a,DEV0171,18,UCSF-PDGM
BraTS2021_00533,primary,53b6c4b137fd4a44,DEV0172,18,UCSF-PDGM
BraTS2021_00537,primary,3fb9d190c600b595,DEV0173,18,UCSF-PDGM
BraTS2021_00538,primary,c4b11981648396b3,DEV0174,18,UCSF-PDGM
BraTS2021_00539,primary,7f931647d905a843,DEV0175,18,UCSF-PDGM
BraTS2021_00540,primary,35c5a20183457a01,DEV0176,18,UCSF-PDGM
BraTS2021_00542,primary,b7043d3f5336de1c,DEV0177,18,UCSF-PDGM
BraTS2021_00543,primary,d0bdd83b4db42c90,DEV0178,18,UCSF-PDGM
BraTS2021_00544,primary,3e615bff0b28e6cb,DEV0179,18,UCSF-PDGM
BraTS2021_00545,primary,ed3caf082144c272,DEV0180,18,UCSF-PDGM
BraTS2021_00547,primary,b895c31736286f80,DEV0181,18,UCSF-PDGM
BraTS2021_00548,primary,933f27803a403f53,DEV0182,18,UCSF-PDGM
BraTS2021_00549,primary,c56c6a4fa7accfe2,DEV0183,18,UCSF-PDGM
BraTS2021_00550,primary,4b3fe882cc52ff4c,DEV0184,18,UCSF-PDGM
BraTS2021_00551,primary,37d28b4141adb8c7,DEV0185,18,UCSF-PDGM
BraTS2021_00552,primary,3dd63d386500f260,DEV0186,18,UCSF-PDGM
BraTS2021_00554,primary,00cb5bb28bee2d2b,DEV0187,18,UCSF-PDGM
BraTS2021_00555,primary,c70465cc1b8eb753,DEV0188,18,UCSF-PDGM
BraTS2021_00556,primary,8f00c11cd94c567f,DEV0189,18,UCSF-PDGM
BraTS2021_00557,primary,f9bee3b69afa65b8,DEV0001,18,UCSF-PDGM
BraTS2021_00558,primary,2a211fa510b10119,DEV0190,18,UCSF-PDGM
BraTS2021_00559,primary,a1889d8d563144e1,DEV0191,18,UCSF-PDGM
BraTS2021_00561,quarantine,,,4,Collection 5
BraTS2021_00563,quarantine,,,4,Collection 5
BraTS2021_00565,quarantine,,,4,Collection 5
BraTS2021_00567,primary,556df89798aa530f,DEV0192,16,IvyGAP
BraTS2021_00568,primary,feaf705e19916e5d,DEV0193,16,IvyGAP
BraTS2021_00569,primary,f5c2d2b596677fbb,DEV0194,16,IvyGAP
BraTS2021_00570,primary,58cc70ea35c0b73e,DEV0195,16,IvyGAP
BraTS2021_00571,primary,0a329cff408883df,DEV0196,16,IvyGAP
BraTS2021_00572,primary,6407fdc7550626f2,DEV0197,16,IvyGAP
BraTS2021_00574,primary,8da54d7ada961e1f,DEV0198,16,IvyGAP
BraTS2021_00575,primary,6cf1651a4dcc2266,DEV0199,16,IvyGAP
BraTS2021_00576,primary,36b0a9be55e04677,DEV0200,16,IvyGAP
BraTS2021_00577,primary,28cab5e6aa53210d,DEV0201,16,IvyGAP
BraTS2021_00578,primary,a7ed809226fe7d71,DEV0202,16,IvyGAP
BraTS2021_00579,primary,d3f5d10515b86170,DEV0203,16,IvyGAP
BraTS2021_00580,primary,c4bae3626c5510f0,DEV0204,16,IvyGAP
BraTS2021_00581,primary,75a1e09c0a6efbf1,DEV0205,16,IvyGAP
BraTS2021_00582,primary,0c1a7e224c2a32cd,DEV0206,16,IvyGAP
BraTS2021_00583,primary,a03f2e973171fe4d,DEV0207,16,IvyGAP
BraTS2021_00584,primary,b0da29307b0de8b4,DEV0208,16,IvyGAP
BraTS2021_00586,primary,45adb7f542d349b9,DEV0209,16,IvyGAP
BraTS2021_00587,primary,93adc90fa05d06ab,DEV0210,16,IvyGAP
BraTS2021_00588,primary,4b92f7b60a1cd736,DEV0211,16,IvyGAP
BraTS2021_00589,primary,6a6afa80daec2dc0,DEV0212,16,IvyGAP
BraTS2021_00590,primary,f58536b57b2fb8c0,DEV0213,16,IvyGAP
BraTS2021_00591,primary,f8fcaacf066b9f79,DEV0214,16,IvyGAP
BraTS2021_00593,primary,4bc9eb28323c12ab,DEV0215,16,IvyGAP
BraTS2021_00594,primary,be2bbee30afca64b,DEV0216,16,IvyGAP
BraTS2021_00596,primary,e3278944e89a4de9,DEV0217,16,IvyGAP
BraTS2021_00597,primary,39cb353245952776,DEV0218,16,IvyGAP
BraTS2021_00598,primary,2399f2731ab91890,DEV0219,16,IvyGAP
BraTS2021_00599,primary,6d046ede4ab5ed9d,DEV0220,16,IvyGAP
BraTS2021_00601,primary,9714ef00095b705b,DEV0221,18,UCSF-PDGM
BraTS2021_00602,primary,eebcdf4c69621018,DEV0222,18,UCSF-PDGM
BraTS2021_00604,primary,a734bda7c11b6177,DEV0223,18,UCSF-PDGM
BraTS2021_00605,primary,c87593a70f7a205c,DEV0224,18,UCSF-PDGM
BraTS2021_00606,primary,1c2f27ade64aa64e,DEV0225,18,UCSF-PDGM
BraTS2021_00607,primary,d370e6ec1014a6ff,DEV0226,18,UCSF-PDGM
BraTS2021_00608,primary,9a81917001b294ad,DEV0227,18,UCSF-PDGM
BraTS2021_00610,primary,daed36a6e72811d3,DEV0228,18,UCSF-PDGM
BraTS2021_00611,primary,ab133353781ccb94,DEV0229,18,UCSF-PDGM
BraTS2021_00612,primary,b8685eb835267d57,DEV0230,18,UCSF-PDGM
BraTS2021_00613,primary,19241e078dbc3a40,DEV0231,18,UCSF-PDGM
BraTS2021_00615,primary,1c58251ea898f457,DEV0232,18,UCSF-PDGM
BraTS2021_00616,primary,46bb7c706cdf7eb4,DEV0233,18,UCSF-PDGM
BraTS2021_00618,primary,7b98806e5857d498,DEV0234,18,UCSF-PDGM
BraTS2021_00619,primary,c062df874743cff2,DEV0235,18,UCSF-PDGM
BraTS2021_00620,primary,b765b059019af232,DEV0236,18,UCSF-PDGM
BraTS2021_00621,primary,7fed1044c7425e73,DEV0237,18,UCSF-PDGM
BraTS2021_00622,primary,8fdf9a2536673ced,DEV0238,18,UCSF-PDGM
BraTS2021_00623,primary,72c01e11af3fb33f,DEV0239,18,UCSF-PDGM
BraTS2021_00624,primary,d9a92ca0a0e37fde,DEV0240,18,UCSF-PDGM
BraTS2021_00625,primary,e41d907c3d97d97b,DEV0241,18,UCSF-PDGM
BraTS2021_00626,primary,58a93ceb493608aa,DEV0002,18,UCSF-PDGM
BraTS2021_00628,primary,d6c4254f9d96b5f9,DEV0242,18,UCSF-PDGM
BraTS2021_00630,primary,d141ead84ef5bd14,DEV0243,18,UCSF-PDGM
BraTS2021_00631,primary,27e97c5c01caf341,DEV0244,18,UCSF-PDGM
BraTS2021_00636,primary,47cbbded90ab436f,DEV0245,18,UCSF-PDGM
BraTS2021_00638,primary,0917c1a42e7e2eca,DEV0246,18,UCSF-PDGM
BraTS2021_00639,primary,f9bee3b69afa65b8,DEV0001,18,UCSF-PDGM
BraTS2021_00640,primary,6a6d47486cabb4d0,DEV0247,18,UCSF-PDGM
BraTS2021_00641,primary,32d4e9e5e4bd91e7,DEV0248,18,UCSF-PDGM
BraTS2021_00642,primary,13817ce913423146,DEV0249,18,UCSF-PDGM
BraTS2021_00645,primary,47a2c9e16353c65f,DEV0250,18,UCSF-PDGM
BraTS2021_00646,primary,32ec2f3d691d7466,DEV0251,18,UCSF-PDGM
BraTS2021_00649,primary,33f7201374ebc9d8,DEV0252,18,UCSF-PDGM
BraTS2021_00650,primary,fa1f4f3c823b3559,DEV0253,18,UCSF-PDGM
BraTS2021_00651,primary,f8dcdf1b20f49477,DEV0254,18,UCSF-PDGM
BraTS2021_00652,primary,1037d14e0da30f93,DEV0255,18,UCSF-PDGM
BraTS2021_00654,primary,21a31387005003f0,DEV0256,18,UCSF-PDGM
BraTS2021_00655,primary,d67f63c9bd78edea,DEV0257,18,UCSF-PDGM
BraTS2021_00656,primary,d8f64c21adc5ebc1,DEV0258,18,UCSF-PDGM
BraTS2021_00657,primary,56d5ad8dbb5dd9ed,DEV0259,18,UCSF-PDGM
BraTS2021_00658,primary,5c7657015af36c60,DEV0260,18,UCSF-PDGM
BraTS2021_00659,primary,be63f8b33bf495b7,DEV0261,18,UCSF-PDGM
BraTS2021_00661,primary,88fed82e123ea34d,DEV0262,18,UCSF-PDGM
BraTS2021_00663,primary,13f9dfe0d7723556,DEV0263,18,UCSF-PDGM
BraTS2021_00667,primary,b4d29b057fa43fff,DEV0264,18,UCSF-PDGM
BraTS2021_00668,primary,5f9d1c86bba82328,DEV0265,18,UCSF-PDGM
BraTS2021_00674,primary,c53c7e1830aad454,DEV0266,18,UCSF-PDGM
BraTS2021_00675,primary,821bcdc7fd015d03,DEV0267,18,UCSF-PDGM
BraTS2021_00676,primary,5e9db174a7bf9e4c,DEV0268,18,UCSF-PDGM
BraTS2021_00677,primary,e79a1b3bf807c82a,DEV0269,18,UCSF-PDGM
BraTS2021_00679,primary,73c4d8a70ccb1f7a,DEV0270,18,UCSF-PDGM
BraTS2021_00680,primary,ced04126e1da52ae,DEV0271,18,UCSF-PDGM
BraTS2021_00682,primary,d45177b2191aae2b,DEV0272,18,UCSF-PDGM
BraTS2021_00683,primary,d03620d23875b40f,DEV0273,18,UCSF-PDGM
BraTS2021_00684,primary,12bab8d3fd2f7367,DEV0274,18,UCSF-PDGM
BraTS2021_00685,primary,a7a92bc2c99a9585,DEV0275,18,UCSF-PDGM
BraTS2021_00686,primary,a803ba5f8bbe8c6e,DEV0276,18,UCSF-PDGM
BraTS2021_00687,primary,2de86770cb6df5c4,DEV0277,18,UCSF-PDGM
BraTS2021_00688,primary,ec52512b4f1da173,DEV0278,18,UCSF-PDGM
BraTS2021_00689,primary,3bbeeaf89a152362,DEV0279,18,UCSF-PDGM
BraTS2021_00690,primary,1e595e137627829b,DEV0280,18,UCSF-PDGM
BraTS2021_00691,primary,07ec270c0e7f2b96,DEV0281,18,UCSF-PDGM
BraTS2021_00692,primary,447bbabffc3e5e12,DEV0282,18,UCSF-PDGM
BraTS2021_00693,primary,28de5fa099cceb3f,DEV0283,18,UCSF-PDGM
BraTS2021_00694,primary,29d3e65cf45174c6,DEV0284,18,UCSF-PDGM
BraTS2021_00697,primary,27e54865ef2cf11f,DEV0285,18,UCSF-PDGM
BraTS2021_00698,primary,fc9957d146b8a7fe,DEV0286,18,UCSF-PDGM
BraTS2021_00703,primary,9196cc6aea0c3acc,DEV0287,18,UCSF-PDGM
BraTS2021_00704,primary,cc223c2761c47497,DEV0288,18,UCSF-PDGM
BraTS2021_00705,primary,3ed0879f98623aaa,DEV0289,18,UCSF-PDGM
BraTS2021_00706,primary,efc33b28887df8f8,DEV0290,18,UCSF-PDGM
BraTS2021_00707,primary,ef3794aeeeb49dbd,DEV0291,18,UCSF-PDGM
BraTS2021_00708,primary,59e3e06b6873bfa4,DEV0292,18,UCSF-PDGM
BraTS2021_00709,primary,34a616d61f009144,DEV0293,18,UCSF-PDGM
BraTS2021_00714,primary,d85a772c2969dc68,DEV0294,18,UCSF-PDGM
BraTS2021_00715,primary,964cf91e00d2ccc3,DEV0295,18,UCSF-PDGM
BraTS2021_00716,primary,45da9724a313a483,DEV0296,18,UCSF-PDGM
BraTS2021_00718,primary,bc0c8d6ce96f638c,DEV0297,18,UCSF-PDGM
BraTS2021_00723,primary,add48fd096a825e7,DEV0298,18,UCSF-PDGM
BraTS2021_00724,primary,f9a517382e542d99,DEV0299,18,UCSF-PDGM
BraTS2021_00725,primary,db96dd71761b828a,DEV0300,18,UCSF-PDGM
BraTS2021_00727,primary,ef47607d758d3ffb,DEV0301,18,UCSF-PDGM
BraTS2021_00728,primary,1b334018463ce0d5,DEV0302,18,UCSF-PDGM
BraTS2021_00729,primary,8c6c06e99139a3e5,DEV0303,18,UCSF-PDGM
BraTS2021_00730,primary,d140b20a3daf74a6,DEV0304,18,UCSF-PDGM
BraTS2021_00731,primary,6515acdc556abd34,DEV0305,18,UCSF-PDGM
BraTS2021_00732,primary,8232528ac31b2edc,DEV0306,18,UCSF-PDGM
BraTS2021_00733,primary,1ffa95b8a2ce150e,DEV0307,18,UCSF-PDGM
BraTS2021_00734,primary,573697f38fe4940f,DEV0308,18,UCSF-PDGM
BraTS2021_00735,primary,f54ab61779066658,DEV0309,18,UCSF-PDGM
BraTS2021_00736,primary,98a5e7d93909eeba,DEV0310,18,UCSF-PDGM
BraTS2021_00737,primary,eb8937d58520be34,DEV0311,18,UCSF-PDGM
BraTS2021_00739,primary,f07c17545920a7c6,DEV0312,18,UCSF-PDGM
BraTS2021_00740,primary,8e8fa9772cdf5efe,DEV0313,18,UCSF-PDGM
BraTS2021_00742,primary,698b88d73a434edc,DEV0314,18,UCSF-PDGM
BraTS2021_00744,primary,ddc188673d370ad8,DEV0315,18,UCSF-PDGM
BraTS2021_00746,primary,84563a4a15d5aa15,DEV0316,18,UCSF-PDGM
BraTS2021_00747,primary,6bbfb4bf6955c80a,DEV0317,18,UCSF-PDGM
BraTS2021_00750,primary,573f4e257235d06f,DEV0318,18,UCSF-PDGM
BraTS2021_00751,primary,644689f79b9fd64d,DEV0319,18,UCSF-PDGM
BraTS2021_00753,primary,1bb082fee667a263,DEV0320,18,UCSF-PDGM
BraTS2021_00756,primary,535fb1d4d49f8e25,DEV0321,18,UCSF-PDGM
BraTS2021_00757,primary,fee030cca386226a,DEV0322,18,UCSF-PDGM
BraTS2021_00758,primary,58a93ceb493608aa,DEV0002,18,UCSF-PDGM
BraTS2021_00759,primary,34fa299bcd755f51,DEV0323,18,UCSF-PDGM
BraTS2021_00760,primary,82daa71a3f9ca3d4,DEV0324,18,UCSF-PDGM
BraTS2021_00764,primary,fc5ffc50c3ab614e,DEV0325,18,UCSF-PDGM
BraTS2021_00765,primary,13958cfd188c565c,DEV0326,18,UCSF-PDGM
BraTS2021_00767,primary,64b0a9093e21eba4,DEV0327,18,UCSF-PDGM
BraTS2021_00768,primary,40f3f58bf30a164a,DEV0328,18,UCSF-PDGM
BraTS2021_00772,primary,72ed3514addce50f,DEV0329,18,UCSF-PDGM
BraTS2021_00773,primary,a93ff931089b0498,DEV0330,18,UCSF-PDGM
BraTS2021_00774,primary,3b6c7c96463944fc,DEV0331,18,UCSF-PDGM
BraTS2021_00775,primary,a3d69348c2efa862,DEV0332,18,UCSF-PDGM
BraTS2021_00777,primary,31021aec6a6af861,DEV0333,18,UCSF-PDGM
BraTS2021_00778,primary,46d013325eee6292,DEV0334,18,UCSF-PDGM
BraTS2021_00780,quarantine,,,21,Collection1
BraTS2021_00781,quarantine,,,21,Collection1
BraTS2021_00782,quarantine,,,21,Collection1
BraTS2021_00784,quarantine,,,21,Collection1
BraTS2021_00787,quarantine,,,21,Collection1
BraTS2021_00788,quarantine,,,21,Collection1
BraTS2021_00789,quarantine,,,21,Collection1
BraTS2021_00791,quarantine,,,21,Collection1
BraTS2021_00792,quarantine,,,21,Collection1
BraTS2021_00793,quarantine,,,21,Collection1
BraTS2021_00795,quarantine,,,21,Collection1
BraTS2021_00796,quarantine,,,21,Collection1
BraTS2021_00797,quarantine,,,21,Collection1
BraTS2021_00799,quarantine,,,21,Collection1
BraTS2021_00800,quarantine,,,21,Collection1
BraTS2021_00801,quarantine,,,21,Collection1
BraTS2021_00802,quarantine,,,21,Collection1
BraTS2021_00803,quarantine,,,21,Collection1
BraTS2021_00804,quarantine,,,21,Collection1
BraTS2021_00805,quarantine,,,21,Collection1
BraTS2021_00806,quarantine,,,21,Collection1
BraTS2021_00807,quarantine,,,21,Collection1
BraTS2021_00808,quarantine,,,21,Collection1
BraTS2021_00809,quarantine,,,21,Collection1
BraTS2021_00810,quarantine,,,21,Collection1
BraTS2021_00811,quarantine,,,21,Collection1
BraTS2021_00814,quarantine,,,21,Collection1
BraTS2021_00816,quarantine,,,21,Collection1
BraTS2021_00818,quarantine,,,21,Collection1
BraTS2021_00819,quarantine,,,21,Collection1
BraTS2021_00820,quarantine,,,21,Collection1
BraTS2021_00823,quarantine,,,21,Collection1
BraTS2021_00824,quarantine,,,21,Collection1
BraTS2021_00828,quarantine,,,21,Collection1
BraTS2021_00830,quarantine,,,21,Collection1
BraTS2021_00831,primary,b9bb2bafb39eb720,DEV0335,6,TCGA-GBM
BraTS2021_00999,primary,8f5ea7b583e0bbc9,DEV0336,5,TCGA-GBM
BraTS2021_01002,primary,4c65ffdb469ae46a,DEV0337,5,TCGA-GBM
BraTS2021_01003,primary,eef61984dfde00a7,DEV0338,5,TCGA-GBM
BraTS2021_01005,primary,6c48c6b201cc67ed,DEV0339,5,TCGA-GBM
BraTS2021_01007,primary,2d578c891cc51c26,DEV0340,5,TCGA-GBM
BraTS2021_01009,primary,44367873480bd2ca,DEV0341,5,TCGA-GBM
BraTS2021_01011,primary,f8be346887a4036a,DEV0342,20,CPTAC-GBM
BraTS2021_01012,primary,38eac881fa2793e1,DEV0343,20,CPTAC-GBM
BraTS2021_01013,primary,67e6224d77722db6,DEV0344,20,CPTAC-GBM
BraTS2021_01014,primary,12af9906c94e4076,DEV0345,20,CPTAC-GBM
BraTS2021_01015,primary,849215c4250c82f1,DEV0346,20,CPTAC-GBM
BraTS2021_01016,primary,8104634fc6b741d2,DEV0347,20,CPTAC-GBM
BraTS2021_01017,primary,030c5d462f0d98e4,DEV0348,20,CPTAC-GBM
BraTS2021_01018,primary,1071e58b680b5cb7,DEV0349,20,CPTAC-GBM
BraTS2021_01019,primary,eb80a2b0d5970d8f,DEV0350,20,CPTAC-GBM
BraTS2021_01020,primary,c43fa78560b89bb0,DEV0351,20,CPTAC-GBM
BraTS2021_01021,primary,d5aee76f8d7722e2,DEV0352,20,CPTAC-GBM
BraTS2021_01022,primary,c00b5ef7eea4f7b3,DEV0353,20,CPTAC-GBM
BraTS2021_01023,primary,75b004104879b1e7,DEV0354,20,CPTAC-GBM
BraTS2021_01024,primary,df86bf9fbfe8f380,DEV0355,20,CPTAC-GBM
BraTS2021_01025,primary,b2a89d6a24851665,DEV0356,20,CPTAC-GBM
BraTS2021_01026,primary,b0489f2d0ed3272f,DEV0357,20,CPTAC-GBM
BraTS2021_01027,primary,0d586af957ac4ea8,DEV0358,18,UCSF-PDGM
BraTS2021_01028,primary,4464326d5747d15b,DEV0359,18,UCSF-PDGM
BraTS2021_01029,quarantine,,,22,Collection3
BraTS2021_01030,quarantine,,,22,Collection3
BraTS2021_01031,quarantine,,,22,Collection3
BraTS2021_01032,quarantine,,,22,Collection3
BraTS2021_01033,quarantine,,,22,Collection3
BraTS2021_01035,primary,fc606444f07f293c,DEV0360,18,UCSF-PDGM
BraTS2021_01139,primary,16830eb9207f878c,DEV0361,11,TCGA-GBM
BraTS2021_01140,primary,03fe6b68979009ce,DEV0362,11,TCGA-GBM
BraTS2021_01141,primary,e94e24f5405b9ba3,DEV0363,11,TCGA-GBM
BraTS2021_01142,primary,846389e1e1392956,DEV0364,11,TCGA-GBM
BraTS2021_01143,primary,31270a44a6d44724,DEV0365,11,TCGA-GBM
BraTS2021_01144,primary,9d8b996a65e9a800,DEV0366,11,TCGA-GBM
BraTS2021_01145,primary,8ad620a88009b271,DEV0367,11,TCGA-GBM
BraTS2021_01146,primary,dc243dd9c3237e19,DEV0368,11,TCGA-GBM
BraTS2021_01147,quarantine,,,23,Collection 7
BraTS2021_01148,quarantine,,,23,Collection 7
BraTS2021_01149,quarantine,,,23,Collection 7
BraTS2021_01150,quarantine,,,23,Collection 7
BraTS2021_01151,quarantine,,,4,Collection 5
BraTS2021_01152,quarantine,,,4,Collection 5
BraTS2021_01153,primary,b796202b4614caba,DEV0369,18,UCSF-PDGM
BraTS2021_01154,primary,17879c3cb6e6ddf0,DEV0370,18,UCSF-PDGM
BraTS2021_01155,primary,47dd8f6c83749c21,DEV0371,18,UCSF-PDGM
BraTS2021_01156,primary,70f03e54c72805df,DEV0372,18,UCSF-PDGM
BraTS2021_01157,primary,5a483c38ad8de6bd,DEV0373,18,UCSF-PDGM
BraTS2021_01158,primary,c34f25bd5dcd95a2,DEV0374,18,UCSF-PDGM
BraTS2021_01159,primary,eb019db6f3bfe22e,DEV0375,18,UCSF-PDGM
BraTS2021_01160,primary,c4f72b797960bd24,DEV0376,18,UCSF-PDGM
BraTS2021_01161,primary,3565def1dd963038,DEV0377,18,UCSF-PDGM
BraTS2021_01162,quarantine,,,24,Collection 9
BraTS2021_01163,primary,b0357b9f748f2bef,DEV0378,19,ACRIN-FMISO-Brain (ACRIN 6684)
BraTS2021_01164,primary,097ad1e36cbe15f5,DEV0379,19,ACRIN-FMISO-Brain (ACRIN 6684)
BraTS2021_01165,primary,a34ce6ed7a02f527,DEV0380,19,ACRIN-FMISO-Brain (ACRIN 6684)
BraTS2021_01166,primary,7e27992639a74bc9,DEV0381,19,ACRIN-FMISO-Brain (ACRIN 6684)
BraTS2021_01167,quarantine,,,4,Collection 5
BraTS2021_01168,quarantine,,,4,Collection 5
BraTS2021_01169,quarantine,,,4,Collection 5
BraTS2021_01170,quarantine,,,4,Collection 5
BraTS2021_01171,quarantine,,,4,Collection 5
BraTS2021_01172,quarantine,,,4,Collection 5
BraTS2021_01173,quarantine,,,4,Collection 5
BraTS2021_01174,quarantine,,,4,Collection 5
BraTS2021_01175,quarantine,,,4,Collection 5
BraTS2021_01176,quarantine,,,4,Collection 5
BraTS2021_01177,quarantine,,,4,Collection 5
BraTS2021_01178,quarantine,,,4,Collection 5
BraTS2021_01179,quarantine,,,4,Collection 5
BraTS2021_01180,quarantine,,,4,Collection 5
BraTS2021_01181,quarantine,,,4,Collection 5
BraTS2021_01182,quarantine,,,4,Collection 5
BraTS2021_01183,quarantine,,,4,Collection 5
BraTS2021_01184,quarantine,,,4,Collection 5
BraTS2021_01185,quarantine,,,4,Collection 5
BraTS2021_01186,quarantine,,,4,Collection 5
BraTS2021_01187,quarantine,,,4,Collection 5
BraTS2021_01188,quarantine,,,4,Collection 5
BraTS2021_01189,quarantine,,,4,Collection 5
BraTS2021_01190,quarantine,,,4,Collection 5
BraTS2021_01191,quarantine,,,4,Collection 5
BraTS2021_01192,quarantine,,,4,Collection 5
BraTS2021_01193,quarantine,,,4,Collection 5
BraTS2021_01194,quarantine,,,4,Collection 5
BraTS2021_01195,quarantine,,,4,Collection 5
BraTS2021_01196,quarantine,,,4,Collection 5
BraTS2021_01197,quarantine,,,4,Collection 5
BraTS2021_01198,quarantine,,,4,Collection 5
BraTS2021_01199,quarantine,,,4,Collection 5
BraTS2021_01200,quarantine,,,4,Collection 5
BraTS2021_01201,quarantine,,,4,Collection 5
BraTS2021_01281,primary,1a0265c29ac3b538,DEV0382,5,TCGA-GBM
BraTS2021_01282,primary,e7b26ee638abcc32,DEV0383,5,TCGA-GBM
BraTS2021_01283,primary,88ad35b95247572b,DEV0384,5,TCGA-GBM
BraTS2021_01284,primary,b16eaeb4bf007cb5,DEV0385,5,TCGA-GBM
BraTS2021_01289,primary,f7575d9f76cb95e4,DEV0386,5,TCGA-GBM
BraTS2021_01290,primary,debbe9ea4597f94e,DEV0387,5,TCGA-GBM
BraTS2021_01291,primary,788233615b7bc6e4,DEV0388,5,TCGA-GBM
BraTS2021_01292,primary,e6a5d27d64711482,DEV0389,5,TCGA-GBM
BraTS2021_01296,primary,56ca986b040a057f,DEV0390,6,TCGA-GBM
BraTS2021_01297,primary,025f099ad25035a6,DEV0391,6,TCGA-GBM
BraTS2021_01298,primary,e293c44be85df182,DEV0392,6,TCGA-GBM
BraTS2021_01300,primary,07774e5c3c211837,DEV0393,6,TCGA-GBM
BraTS2021_01302,primary,356ea3e17dc28932,DEV0394,6,TCGA-GBM
BraTS2021_01303,primary,c2e60b5a5c2a40df,DEV0395,6,TCGA-GBM
BraTS2021_01411,quarantine,,,2,Collection 4
BraTS2021_01412,quarantine,,,2,Collection 4
BraTS2021_01413,quarantine,,,2,Collection 4
BraTS2021_01414,quarantine,,,2,Collection 4
BraTS2021_01415,quarantine,,,2,Collection 4
BraTS2021_01416,quarantine,,,2,Collection 4
BraTS2021_01417,quarantine,,,17,Collection 4
BraTS2021_01418,quarantine,,,17,Collection 4
BraTS2021_01419,quarantine,,,17,Collection 4
BraTS2021_01420,quarantine,,,17,Collection 4
BraTS2021_01421,quarantine,,,17,Collection 4
BraTS2021_01422,quarantine,,,17,Collection 4
BraTS2021_01423,quarantine,,,17,Collection 4
BraTS2021_01424,quarantine,,,17,Collection 4
BraTS2021_01425,quarantine,,,17,Collection 4
BraTS2021_01426,quarantine,,,3,Collection 4
BraTS2021_01427,quarantine,,,3,Collection 4
BraTS2021_01428,quarantine,,,3,Collection 4
BraTS2021_01429,quarantine,,,3,Collection 4
BraTS2021_01430,quarantine,,,3,Collection 4
BraTS2021_01431,quarantine,,,3,Collection 4
BraTS2021_01432,quarantine,,,3,Collection 4
BraTS2021_01433,quarantine,,,3,Collection 4
BraTS2021_01434,quarantine,,,3,Collection 4
BraTS2021_01435,quarantine,,,3,Collection 4
BraTS2021_01436,quarantine,,,3,Collection 4
BraTS2021_01437,quarantine,,,3,Collection 4
BraTS2021_01438,quarantine,,,3,Collection 4
BraTS2021_01439,quarantine,,,3,Collection 4
BraTS2021_01440,quarantine,,,3,Collection 4
BraTS2021_01441,primary,8df4a4491880083f,DEV0396,6,TCGA-GBM
BraTS2021_01442,primary,e0ab403f4bdd248b,DEV0397,6,TCGA-GBM
BraTS2021_01443,primary,fd7e212b575e6450,DEV0398,6,TCGA-GBM
BraTS2021_01444,primary,8bc3d1b5bc7f4601,DEV0399,6,TCGA-GBM
BraTS2021_01445,primary,7bca3454ad30f9b9,DEV0400,6,TCGA-GBM
BraTS2021_01446,primary,ecb3a65325506bdb,DEV0401,6,TCGA-GBM
BraTS2021_01447,primary,1574752bb16aed7a,DEV0402,6,TCGA-GBM
BraTS2021_01448,primary,6b753af256ab249a,DEV0403,6,TCGA-GBM
BraTS2021_01449,primary,50299b536879d210,DEV0404,6,TCGA-GBM
BraTS2021_01450,primary,b2e75af6ae6f142d,DEV0405,6,TCGA-GBM
BraTS2021_01451,primary,f9fcc71a498e20d3,DEV0406,6,TCGA-GBM
BraTS2021_01452,primary,1b69b1e04aa16ecf,DEV0407,6,TCGA-GBM
BraTS2021_01453,primary,b42978f7ceec40e5,DEV0408,6,TCGA-GBM
BraTS2021_01454,primary,77ebf5a7398ea5ed,DEV0409,6,TCGA-GBM
BraTS2021_01455,primary,653eb32c8909b2e9,DEV0410,6,TCGA-GBM
BraTS2021_01456,primary,8f3609c8bc249775,DEV0411,7,TCGA-GBM
BraTS2021_01457,primary,671e0125094bfc4d,DEV0412,7,TCGA-GBM
BraTS2021_01458,primary,e80350223b4a95ea,DEV0413,7,TCGA-GBM
BraTS2021_01459,primary,763a6a8bc9ee9aaf,DEV0414,7,TCGA-GBM
BraTS2021_01460,primary,498a5d1e54c45032,DEV0415,7,TCGA-GBM
BraTS2021_01461,primary,aefe71a1cebd6589,DEV0416,7,TCGA-GBM
BraTS2021_01462,primary,13588e3e653a6f94,DEV0417,7,TCGA-GBM
BraTS2021_01463,primary,e222157356934186,DEV0418,7,TCGA-GBM
BraTS2021_01464,primary,d9e63aa026cdc4d6,DEV0419,7,TCGA-GBM
BraTS2021_01465,primary,4695be43ccb63bfc,DEV0420,7,TCGA-GBM
BraTS2021_01466,primary,463632869555a7bc,DEV0421,7,TCGA-GBM
BraTS2021_01467,primary,9d09a34d07f65820,DEV0422,7,TCGA-GBM
BraTS2021_01468,primary,2f218546a5b2bbf0,DEV0423,8,TCGA-GBM
BraTS2021_01469,primary,2bbb3c0260cca398,DEV0424,8,TCGA-GBM
BraTS2021_01470,primary,0e29b2fe9882d588,DEV0425,8,TCGA-GBM
BraTS2021_01471,primary,827b20aa9fd935fa,DEV0426,9,TCGA-GBM
BraTS2021_01472,primary,7e6137e54948e242,DEV0427,10,TCGA-GBM
BraTS2021_01473,primary,b7e1d94d652a1551,DEV0428,10,TCGA-GBM
BraTS2021_01474,primary,464265d6f28ca924,DEV0429,11,TCGA-GBM
BraTS2021_01475,primary,dd02215f882c5577,DEV0430,11,TCGA-GBM
BraTS2021_01476,primary,40e2af4061a1836b,DEV0431,12,TCGA-LGG
BraTS2021_01477,primary,464adf039d44922f,DEV0432,12,TCGA-LGG
BraTS2021_01478,primary,c2054b887ff1a274,DEV0433,12,TCGA-LGG
BraTS2021_01479,primary,1ca9fb633b0c415c,DEV0434,12,TCGA-LGG
BraTS2021_01480,primary,1e36a42aa66ecf1a,DEV0435,12,TCGA-LGG
BraTS2021_01481,primary,a5e0fa90a0c8971d,DEV0436,12,TCGA-LGG
BraTS2021_01482,primary,2ab39718ceb67cfb,DEV0437,12,TCGA-LGG
BraTS2021_01483,primary,eb4a18b1fe0d146b,DEV0438,12,TCGA-LGG
BraTS2021_01484,primary,62c97a2039893a80,DEV0439,12,TCGA-LGG
BraTS2021_01485,primary,1887e07268c80508,DEV0440,12,TCGA-LGG
BraTS2021_01486,primary,3bf900dfe40e8085,DEV0441,12,TCGA-LGG
BraTS2021_01487,primary,be7a0b890f5738ef,DEV0442,13,TCGA-LGG
BraTS2021_01488,primary,191aa79c556d1b00,DEV0443,13,TCGA-LGG
BraTS2021_01489,primary,6f974f49814c9c49,DEV0444,13,TCGA-LGG
BraTS2021_01490,primary,e3e1e714b9e9977c,DEV0445,13,TCGA-LGG
BraTS2021_01491,primary,6338db55a7f2065e,DEV0446,13,TCGA-LGG
BraTS2021_01492,primary,ff3ee0c46205eae0,DEV0447,13,TCGA-LGG
BraTS2021_01493,primary,2110b942036cdc90,DEV0448,13,TCGA-LGG
BraTS2021_01494,primary,e14b8d56be127d49,DEV0449,13,TCGA-LGG
BraTS2021_01495,primary,78e2a69322bad14a,DEV0450,13,TCGA-LGG
BraTS2021_01496,primary,6fa5e829e30d4824,DEV0451,13,TCGA-LGG
BraTS2021_01497,primary,f645c32fdac74922,DEV0452,13,TCGA-LGG
BraTS2021_01498,primary,9eb0d439abf9307b,DEV0453,13,TCGA-LGG
BraTS2021_01499,primary,86cc2982fc7887b3,DEV0454,13,TCGA-LGG
BraTS2021_01500,primary,b7185a75b9bf938a,DEV0455,13,TCGA-LGG
BraTS2021_01501,primary,a7fbb962c52b2bb5,DEV0456,13,TCGA-LGG
BraTS2021_01502,primary,e8800b376574327c,DEV0457,13,TCGA-LGG
BraTS2021_01503,primary,98aeded43cd31884,DEV0458,13,TCGA-LGG
BraTS2021_01504,primary,564a26939882984d,DEV0459,13,TCGA-LGG
BraTS2021_01505,primary,d786c3a0db53c2b9,DEV0460,13,TCGA-LGG
BraTS2021_01506,primary,d5fe04e1974d2b23,DEV0461,13,TCGA-LGG
BraTS2021_01507,primary,612807de9ad7b03f,DEV0462,13,TCGA-LGG
BraTS2021_01508,primary,f3040ca872f0e9e1,DEV0463,13,TCGA-LGG
BraTS2021_01509,primary,fe39b79467b02138,DEV0464,13,TCGA-LGG
BraTS2021_01510,primary,14bdaaaeb5a2678a,DEV0465,13,TCGA-LGG
BraTS2021_01511,primary,cf9e92b564c87d09,DEV0466,13,TCGA-LGG
BraTS2021_01512,primary,e1db08b747b554e0,DEV0467,13,TCGA-LGG
BraTS2021_01513,primary,cf4b819ffdd0243a,DEV0468,13,TCGA-LGG
BraTS2021_01514,primary,3fe4d0cd713d74d4,DEV0469,13,TCGA-LGG
BraTS2021_01515,primary,6a0975a6c4630744,DEV0470,13,TCGA-LGG
BraTS2021_01516,primary,e2962041b81a192c,DEV0471,13,TCGA-LGG
BraTS2021_01517,primary,1b23476c19791da2,DEV0472,13,TCGA-LGG
BraTS2021_01518,primary,4bc92d92a16cab9b,DEV0473,13,TCGA-LGG
BraTS2021_01519,primary,b7392516c8ab31b8,DEV0474,13,TCGA-LGG
BraTS2021_01520,primary,8c1de892993a3570,DEV0475,13,TCGA-LGG
BraTS2021_01521,primary,7b45961dfb5caa87,DEV0476,13,TCGA-LGG
BraTS2021_01522,primary,a2f0dabb97b46aee,DEV0477,14,TCGA-LGG
BraTS2021_01523,primary,5675502eda70e1f7,DEV0478,14,TCGA-LGG
BraTS2021_01524,primary,722f045a576446ac,DEV0479,14,TCGA-LGG
BraTS2021_01525,primary,10e0ac31c246f7d2,DEV0480,14,TCGA-LGG
BraTS2021_01526,primary,ed87b62e5f22e93f,DEV0481,14,TCGA-LGG
BraTS2021_01527,primary,8c39e15fd9883e46,DEV0482,14,TCGA-LGG
BraTS2021_01528,primary,583c5deaf2074904,DEV0483,15,TCGA-LGG
BraTS2021_01529,primary,b59225dbce48672a,DEV0484,15,TCGA-LGG
BraTS2021_01530,primary,8eae4fcd9d4b54fb,DEV0485,15,TCGA-LGG
BraTS2021_01531,primary,b61809512fa27dc2,DEV0486,15,TCGA-LGG
BraTS2021_01532,primary,613411aab54c47ac,DEV0487,15,TCGA-LGG
BraTS2021_01533,primary,4c92e3bb7ea308f7,DEV0488,15,TCGA-LGG
BraTS2021_01534,primary,6907b2eddb6b094d,DEV0489,15,TCGA-LGG
BraTS2021_01535,primary,50379ac6f36d2920,DEV0490,15,TCGA-LGG
BraTS2021_01536,primary,25ba91cdea199c0f,DEV0491,15,TCGA-LGG
BraTS2021_01537,quarantine,,,4,Collection 5
BraTS2021_01538,quarantine,,,18,UCSF-PDGM_Additional
BraTS2021_01539,quarantine,,,18,UCSF-PDGM_Additional
BraTS2021_01540,quarantine,,,18,UCSF-PDGM_Additional
BraTS2021_01541,quarantine,,,18,UCSF-PDGM_Additional
BraTS2021_01542,quarantine,,,18,UCSF-PDGM_Additional
BraTS2021_01543,quarantine,,,18,UCSF-PDGM_Additional
BraTS2021_01544,quarantine,,,18,UCSF-PDGM_Additional
BraTS2021_01545,quarantine,,,18,UCSF-PDGM_Additional
BraTS2021_01546,quarantine,,,18,UCSF-PDGM_Additional
BraTS2021_01547,quarantine,,,18,UCSF-PDGM_Additional
BraTS2021_01548,quarantine,,,18,UCSF-PDGM_Additional
BraTS2021_01549,quarantine,,,18,UCSF-PDGM_Additional
BraTS2021_01550,quarantine,,,18,UCSF-PDGM_Additional
BraTS2021_01551,quarantine,,,18,UCSF-PDGM_Additional
BraTS2021_01552,quarantine,,,18,UCSF-PDGM_Additional
BraTS2021_01553,quarantine,,,18,UCSF-PDGM_Additional
BraTS2021_01554,quarantine,,,18,UCSF-PDGM_Additional
BraTS2021_01555,quarantine,,,18,UCSF-PDGM_Additional
BraTS2021_01556,quarantine,,,18,UCSF-PDGM_Additional
BraTS2021_01557,quarantine,,,18,UCSF-PDGM_Additional
BraTS2021_01558,quarantine,,,18,UCSF-PDGM_Additional
BraTS2021_01559,quarantine,,,18,UCSF-PDGM_Additional
BraTS2021_01560,quarantine,,,18,UCSF-PDGM_Additional
BraTS2021_01561,quarantine,,,18,UCSF-PDGM_Additional
BraTS2021_01562,quarantine,,,18,UCSF-PDGM_Additional
BraTS2021_01563,quarantine,,,18,UCSF-PDGM_Additional
BraTS2021_01564,quarantine,,,18,UCSF-PDGM_Additional
BraTS2021_01565,quarantine,,,18,UCSF-PDGM_Additional
BraTS2021_01566,quarantine,,,18,UCSF-PDGM_Additional
BraTS2021_01567,quarantine,,,18,UCSF-PDGM_Additional
BraTS2021_01568,quarantine,,,18,UCSF-PDGM_Additional
BraTS2021_01569,quarantine,,,18,UCSF-PDGM_Additional
BraTS2021_01570,quarantine,,,18,UCSF-PDGM_Additional
BraTS2021_01571,quarantine,,,18,UCSF-PDGM_Additional
BraTS2021_01572,quarantine,,,18,UCSF-PDGM_Additional
BraTS2021_01573,quarantine,,,18,UCSF-PDGM_Additional
BraTS2021_01574,quarantine,,,18,UCSF-PDGM_Additional
BraTS2021_01575,quarantine,,,18,UCSF-PDGM_Additional
BraTS2021_01576,quarantine,,,18,UCSF-PDGM_Additional
BraTS2021_01577,quarantine,,,18,UCSF-PDGM_Additional
BraTS2021_01578,quarantine,,,18,UCSF-PDGM_Additional
BraTS2021_01579,quarantine,,,18,UCSF-PDGM_Additional
BraTS2021_01580,quarantine,,,18,UCSF-PDGM_Additional
BraTS2021_01581,quarantine,,,18,UCSF-PDGM_Additional
BraTS2021_01582,quarantine,,,18,UCSF-PDGM_Additional
BraTS2021_01583,quarantine,,,18,UCSF-PDGM_Additional
BraTS2021_01584,quarantine,,,18,UCSF-PDGM_Additional
BraTS2021_01585,quarantine,,,18,UCSF-PDGM_Additional
BraTS2021_01586,quarantine,,,18,UCSF-PDGM_Additional
BraTS2021_01587,quarantine,,,18,UCSF-PDGM_Additional
BraTS2021_01588,quarantine,,,18,UCSF-PDGM_Additional
BraTS2021_01589,quarantine,,,18,UCSF-PDGM_Additional
BraTS2021_01590,quarantine,,,18,UCSF-PDGM_Additional
BraTS2021_01591,quarantine,,,18,UCSF-PDGM_Additional
BraTS2021_01592,quarantine,,,18,UCSF-PDGM_Additional
BraTS2021_01593,quarantine,,,18,UCSF-PDGM_Additional
BraTS2021_01594,quarantine,,,18,UCSF-PDGM_Additional
BraTS2021_01595,quarantine,,,18,UCSF-PDGM_Additional
BraTS2021_01596,quarantine,,,18,UCSF-PDGM_Additional
BraTS2021_01597,quarantine,,,18,UCSF-PDGM_Additional
BraTS2021_01598,quarantine,,,18,UCSF-PDGM_Additional
BraTS2021_01599,quarantine,,,18,UCSF-PDGM_Additional
BraTS2021_01600,quarantine,,,18,UCSF-PDGM_Additional
BraTS2021_01601,quarantine,,,18,UCSF-PDGM_Additional
BraTS2021_01602,quarantine,,,18,UCSF-PDGM_Additional
BraTS2021_01603,quarantine,,,18,UCSF-PDGM_Additional
BraTS2021_01604,quarantine,,,18,UCSF-PDGM_Additional
BraTS2021_01605,quarantine,,,18,UCSF-PDGM_Additional
BraTS2021_01606,quarantine,,,18,UCSF-PDGM_Additional
BraTS2021_01607,quarantine,,,18,UCSF-PDGM_Additional
BraTS2021_01608,quarantine,,,18,UCSF-PDGM_Additional
BraTS2021_01609,quarantine,,,18,UCSF-PDGM_Additional
BraTS2021_01610,quarantine,,,18,UCSF-PDGM_Additional
BraTS2021_01611,quarantine,,,18,UCSF-PDGM_Additional
BraTS2021_01612,quarantine,,,18,UCSF-PDGM_Additional
BraTS2021_01613,quarantine,,,18,UCSF-PDGM_Additional
BraTS2021_01614,quarantine,,,18,UCSF-PDGM_Additional
BraTS2021_01615,quarantine,,,18,UCSF-PDGM_Additional
BraTS2021_01616,quarantine,,,18,UCSF-PDGM_Additional
BraTS2021_01617,quarantine,,,18,UCSF-PDGM_Additional
BraTS2021_01618,quarantine,,,18,UCSF-PDGM_Additional
BraTS2021_01619,quarantine,,,18,UCSF-PDGM_Additional
BraTS2021_01620,quarantine,,,18,UCSF-PDGM_Additional
BraTS2021_01621,quarantine,,,18,UCSF-PDGM_Additional
BraTS2021_01622,quarantine,,,18,UCSF-PDGM_Additional
BraTS2021_01623,quarantine,,,18,UCSF-PDGM_Additional
BraTS2021_01624,quarantine,,,18,UCSF-PDGM_Additional
BraTS2021_01625,quarantine,,,18,UCSF-PDGM_Additional
BraTS2021_01626,quarantine,,,18,UCSF-PDGM_Additional
BraTS2021_01627,quarantine,,,18,UCSF-PDGM_Additional
BraTS2021_01628,quarantine,,,18,UCSF-PDGM_Additional
BraTS2021_01629,quarantine,,,18,UCSF-PDGM_Additional
BraTS2021_01630,quarantine,,,18,UCSF-PDGM_Additional
BraTS2021_01631,quarantine,,,18,UCSF-PDGM_Additional
BraTS2021_01632,quarantine,,,18,UCSF-PDGM_Additional
BraTS2021_01633,quarantine,,,18,UCSF-PDGM_Additional
BraTS2021_01634,quarantine,,,18,UCSF-PDGM_Additional
BraTS2021_01635,quarantine,,,18,UCSF-PDGM_Additional
BraTS2021_01636,quarantine,,,18,UCSF-PDGM_Additional
BraTS2021_01637,quarantine,,,18,UCSF-PDGM_Additional
BraTS2021_01638,quarantine,,,18,UCSF-PDGM_Additional
BraTS2021_01639,quarantine,,,18,UCSF-PDGM_Additional
BraTS2021_01640,quarantine,,,18,UCSF-PDGM_Additional
BraTS2021_01641,quarantine,,,18,UCSF-PDGM_Additional
BraTS2021_01642,quarantine,,,18,UCSF-PDGM_Additional
BraTS2021_01643,quarantine,,,18,UCSF-PDGM_Additional
BraTS2021_01644,quarantine,,,18,UCSF-PDGM_Additional
BraTS2021_01645,quarantine,,,18,UCSF-PDGM_Additional
BraTS2021_01646,quarantine,,,18,UCSF-PDGM_Additional
BraTS2021_01647,quarantine,,,18,UCSF-PDGM_Additional
BraTS2021_01648,quarantine,,,18,UCSF-PDGM_Additional
BraTS2021_01649,quarantine,,,18,UCSF-PDGM_Additional
BraTS2021_01650,quarantine,,,18,UCSF-PDGM_Additional
BraTS2021_01651,quarantine,,,18,UCSF-PDGM_Additional
BraTS2021_01652,quarantine,,,18,UCSF-PDGM_Additional
BraTS2021_01653,quarantine,,,18,UCSF-PDGM_Additional
BraTS2021_01654,quarantine,,,18,UCSF-PDGM_Additional
BraTS2021_01655,quarantine,,,18,UCSF-PDGM_Additional
BraTS2021_01656,quarantine,,,18,UCSF-PDGM_Additional
BraTS2021_01657,quarantine,,,4,Collection 5
BraTS2021_01658,quarantine,,,4,Collection 5
BraTS2021_01659,quarantine,,,4,Collection 5
BraTS2021_01660,quarantine,,,4,Collection 5
BraTS2021_01661,quarantine,,,4,Collection 5
BraTS2021_01662,quarantine,,,4,Collection 5
BraTS2021_01663,primary,dd613524b4d23488,DEV0492,15,TCGA-LGG
BraTS2021_01664,primary,0d05e7dc82c4c5bc,DEV0493,15,TCGA-LGG
BraTS2021_01665,primary,0118d703fd84ca1d,DEV0494,15,TCGA-LGG
BraTS2021_01666,primary,d8f96f80c4aad55c,DEV0495,15,TCGA-LGG
