case_id,group_id,partition
BraTS2021_00000,DEV0003,internal_test
BraTS2021_00002,DEV0004,internal_test
BraTS2021_00003,DEV0005,train
BraTS2021_00005,DEV0006,internal_test
BraTS2021_00006,DEV0007,train
BraTS2021_00008,DEV0008,train
BraTS2021_00009,DEV0009,validation
BraTS2021_00011,DEV0010,internal_test
BraTS2021_00012,DEV0011,train
BraTS2021_00014,DEV0012,internal_test
BraTS2021_00016,DEV0013,internal_test
BraTS2021_00017,DEV0014,train
BraTS2021_00018,DEV0015,train
BraTS2021_00019,DEV0016,train
BraTS2021_00020,DEV0017,train
BraTS2021_00021,DEV0018,train
BraTS2021_00022,DEV0019,internal_test
BraTS2021_00024,DEV0020,internal_test
BraTS2021_00025,DEV0021,train
BraTS2021_00026,DEV0022,internal_test
BraTS2021_00028,DEV0023,validation
BraTS2021_00030,DEV0024,train
BraTS2021_00031,DEV0025,train
BraTS2021_00032,DEV0026,internal_test
BraTS2021_00033,DEV0027,train
BraTS2021_00035,DEV0028,train
BraTS2021_00036,DEV0029,validation
BraTS2021_00043,DEV0030,train
BraTS2021_00044,DEV0031,train
BraTS2021_00045,DEV0032,train
BraTS2021_00046,DEV0033,internal_test
BraTS2021_00048,DEV0034,train
BraTS2021_00049,DEV0035,train
BraTS2021_00051,DEV0036,train
BraTS2021_00052,DEV0037,train
BraTS2021_00053,DEV0038,internal_test
BraTS2021_00054,DEV0039,train
BraTS2021_00056,DEV0040,train
BraTS2021_00058,DEV0041,train
BraTS2021_00059,DEV0042,train
BraTS2021_00060,DEV0043,internal_test
BraTS2021_00061,DEV0044,internal_test
BraTS2021_00062,DEV0045,train
BraTS2021_00063,DEV0046,train
BraTS2021_00064,DEV0047,train
BraTS2021_00066,DEV0048,train
BraTS2021_00068,DEV0049,internal_test
BraTS2021_00070,DEV0050,train
BraTS2021_00071,DEV0051,validation
BraTS2021_00072,DEV0052,train
BraTS2021_00074,DEV0053,internal_test
BraTS2021_00077,DEV0054,train
BraTS2021_00078,DEV0055,train
BraTS2021_00081,DEV0056,internal_test
BraTS2021_00084,DEV0057,train
BraTS2021_00085,DEV0058,train
BraTS2021_00087,DEV0059,train
BraTS2021_00088,DEV0060,validation
BraTS2021_00089,DEV0061,train
BraTS2021_00090,DEV0062,train
BraTS2021_00094,DEV0063,internal_test
BraTS2021_00095,DEV0064,train
BraTS2021_00096,DEV0065,train
BraTS2021_00097,DEV0066,train
BraTS2021_00098,DEV0067,train
BraTS2021_00099,DEV0068,train
BraTS2021_00100,DEV0069,internal_test
BraTS2021_00101,DEV0070,train
BraTS2021_00102,DEV0071,train
BraTS2021_00103,DEV0072,train
BraTS2021_00104,DEV0073,train
BraTS2021_00105,DEV0074,train
BraTS2021_00106,DEV0075,train
BraTS2021_00107,DEV0076,train
BraTS2021_00108,DEV0077,train
BraTS2021_00109,DEV0078,train
BraTS2021_00110,DEV0079,validation
BraTS2021_00111,DEV0080,train
BraTS2021_00112,DEV0081,train
BraTS2021_00113,DEV0082,internal_test
BraTS2021_00115,DEV0083,train
BraTS2021_00116,DEV0084,train
BraTS2021_00117,DEV0085,train
BraTS2021_00120,DEV0086,train
BraTS2021_00121,DEV0087,train
BraTS2021_00122,DEV0088,internal_test
BraTS2021_00123,DEV0089,internal_test
BraTS2021_00124,DEV0090,train
BraTS2021_00127,DEV0091,internal_test
BraTS2021_00128,DEV0092,internal_test
BraTS2021_00130,DEV0093,internal_test
BraTS2021_00132,DEV0094,train
BraTS2021_00133,DEV0095,train
BraTS2021_00134,DEV0096,train
BraTS2021_00136,DEV0097,train
BraTS2021_00137,DEV0098,train
BraTS2021_00138,DEV0099,internal_test
BraTS2021_00139,DEV0100,internal_test
BraTS2021_00140,DEV0101,validation
BraTS2021_00142,DEV0102,train
BraTS2021_00143,DEV0103,train
BraTS2021_00144,DEV0104,train
BraTS2021_00146,DEV0105,internal_test
BraTS2021_00147,DEV0106,train
BraTS2021_00148,DEV0107,train
BraTS2021_00149,DEV0108,train
BraTS2021_00150,DEV0109,internal_test
BraTS2021_00151,DEV0110,internal_test
BraTS2021_00442,DEV0111,internal_test
BraTS2021_00443,DEV0112,train
BraTS2021_00444,DEV0113,validation
BraTS2021_00445,DEV0114,internal_test
BraTS2021_00446,DEV0115,train
BraTS2021_00448,DEV0116,train
BraTS2021_00449,DEV0117,train
BraTS2021_00451,DEV0118,train
BraTS2021_00452,DEV0119,train
BraTS2021_00453,DEV0120,train
BraTS2021_00454,DEV0121,train
BraTS2021_00455,DEV0122,train
BraTS2021_00456,DEV0123,internal_test
BraTS2021_00457,DEV0124,train
BraTS2021_00459,DEV0125,train
BraTS2021_00464,DEV0126,internal_test
BraTS2021_00466,DEV0127,train
BraTS2021_00468,DEV0128,train
BraTS2021_00469,DEV0129,train
BraTS2021_00470,DEV0130,train
BraTS2021_00472,DEV0131,train
BraTS2021_00477,DEV0132,train
BraTS2021_00478,DEV0133,train
BraTS2021_00479,DEV0134,train
BraTS2021_00480,DEV0135,train
BraTS2021_00481,DEV0136,train
BraTS2021_00483,DEV0137,train
BraTS2021_00485,DEV0138,train
BraTS2021_00488,DEV0139,train
BraTS2021_00491,DEV0140,train
BraTS2021_00493,DEV0141,train
BraTS2021_00494,DEV0142,train
BraTS2021_00495,DEV0143,train
BraTS2021_00496,DEV0144,internal_test
BraTS2021_00498,DEV0145,train
BraTS2021_00499,DEV0146,train
BraTS2021_00500,DEV0147,train
BraTS2021_00501,DEV0148,validation
BraTS2021_00502,DEV0149,validation
BraTS2021_00504,DEV0150,train
BraTS2021_00505,DEV0151,train
BraTS2021_00506,DEV0152,train
BraTS2021_00507,DEV0153,validation
BraTS2021_00510,DEV0154,validation
BraTS2021_00511,DEV0155,train
BraTS2021_00512,DEV0156,train
BraTS2021_00513,DEV0157,train
BraTS2021_00514,DEV0158,train
BraTS2021_00516,DEV0159,train
BraTS2021_00517,DEV0160,train
BraTS2021_00518,DEV0161,train
BraTS2021_00519,DEV0162,train
BraTS2021_00520,DEV0163,train
BraTS2021_00523,DEV0164,train
BraTS2021_00524,DEV0165,train
BraTS2021_00525,DEV0166,train
BraTS2021_00526,DEV0167,train
BraTS2021_00528,DEV0168,train
BraTS2021_00529,DEV0169,train
BraTS2021_00530,DEV0170,internal_test
BraTS2021_00532,DEV0171,train
BraTS2021_00533,DEV0172,internal_test
BraTS2021_00537,DEV0173,train
BraTS2021_00538,DEV0174,internal_test
BraTS2021_00539,DEV0175,train
BraTS2021_00540,DEV0176,train
BraTS2021_00542,DEV0177,internal_test
BraTS2021_00543,DEV0178,train
BraTS2021_00544,DEV0179,train
BraTS2021_00545,DEV0180,train
BraTS2021_00547,DEV0181,train
BraTS2021_00548,DEV0182,train
BraTS2021_00549,DEV0183,internal_test
BraTS2021_00550,DEV0184,internal_test
BraTS2021_00551,DEV0185,internal_test
BraTS2021_00552,DEV0186,validation
BraTS2021_00554,DEV0187,train
BraTS2021_00555,DEV0188,validation
BraTS2021_00556,DEV0189,train
BraTS2021_00557,DEV0001,internal_test
BraTS2021_00558,DEV0190,train
BraTS2021_00559,DEV0191,train
BraTS2021_00567,DEV0192,train
BraTS2021_00568,DEV0193,validation
BraTS2021_00569,DEV0194,internal_test
BraTS2021_00570,DEV0195,internal_test
BraTS2021_00571,DEV0196,train
BraTS2021_00572,DEV0197,train
BraTS2021_00574,DEV0198,train
BraTS2021_00575,DEV0199,internal_test
BraTS2021_00576,DEV0200,internal_test
BraTS2021_00577,DEV0201,train
BraTS2021_00578,DEV0202,train
BraTS2021_00579,DEV0203,internal_test
BraTS2021_00580,DEV0204,train
BraTS2021_00581,DEV0205,internal_test
BraTS2021_00582,DEV0206,train
BraTS2021_00583,DEV0207,validation
BraTS2021_00584,DEV0208,internal_test
BraTS2021_00586,DEV0209,train
BraTS2021_00587,DEV0210,train
BraTS2021_00588,DEV0211,train
BraTS2021_00589,DEV0212,train
BraTS2021_00590,DEV0213,train
BraTS2021_00591,DEV0214,train
BraTS2021_00593,DEV0215,train
BraTS2021_00594,DEV0216,train
BraTS2021_00596,DEV0217,train
BraTS2021_00597,DEV0218,train
BraTS2021_00598,DEV0219,internal_test
BraTS2021_00599,DEV0220,train
BraTS2021_00601,DEV0221,train
BraTS2021_00602,DEV0222,validation
BraTS2021_00604,DEV0223,train
BraTS2021_00605,DEV0224,train
BraTS2021_00606,DEV0225,train
BraTS2021_00607,DEV0226,train
BraTS2021_00608,DEV0227,train
BraTS2021_00610,DEV0228,train
BraTS2021_00611,DEV0229,validation
BraTS2021_00612,DEV0230,train
BraTS2021_00613,DEV0231,train
BraTS2021_00615,DEV0232,internal_test
BraTS2021_00616,DEV0233,train
BraTS2021_00618,DEV0234,train
BraTS2021_00619,DEV0235,train
BraTS2021_00620,DEV0236,train
BraTS2021_00621,DEV0237,validation
BraTS2021_00622,DEV0238,internal_test
BraTS2021_00623,DEV0239,internal_test
BraTS2021_00624,DEV0240,validation
BraTS2021_00625,DEV0241,validation
BraTS2021_00626,DEV0002,train
BraTS2021_00628,DEV0242,validation
BraTS2021_00630,DEV0243,train
BraTS2021_00631,DEV0244,internal_test
BraTS2021_00636,DEV0245,train
BraTS2021_00638,DEV0246,train
BraTS2021_00639,DEV0001,internal_test
BraTS2021_00640,DEV0247,train
BraTS2021_00641,DEV0248,train
BraTS2021_00642,DEV0249,validation
BraTS2021_00645,DEV0250,internal_test
BraTS2021_00646,DEV0251,train
BraTS2021_00649,DEV0252,validation
BraTS2021_00650,DEV0253,train
BraTS2021_00651,DEV0254,train
BraTS2021_00652,DEV0255,train
BraTS2021_00654,DEV0256,train
BraTS2021_00655,DEV0257,internal_test
BraTS2021_00656,DEV0258,validation
BraTS2021_00657,DEV0259,internal_test
BraTS2021_00658,DEV0260,train
BraTS2021_00659,DEV0261,train
BraTS2021_00661,DEV0262,internal_test
BraTS2021_00663,DEV0263,train
BraTS2021_00667,DEV0264,internal_test
BraTS2021_00668,DEV0265,train
BraTS2021_00674,DEV0266,validation
BraTS2021_00675,DEV0267,train
BraTS2021_00676,DEV0268,validation
BraTS2021_00677,DEV0269,train
BraTS2021_00679,DEV0270,internal_test
BraTS2021_00680,DEV0271,train
BraTS2021_00682,DEV0272,internal_test
BraTS2021_00683,DEV0273,validation
BraTS2021_00684,DEV0274,train
BraTS2021_00685,DEV0275,train
BraTS2021_00686,DEV0276,internal_test
BraTS2021_00687,DEV0277,train
BraTS2021_00688,DEV0278,internal_test
BraTS2021_00689,DEV0279,train
BraTS2021_00690,DEV0280,train
BraTS2021_00691,DEV0281,train
BraTS2021_00692,DEV0282,validation
BraTS2021_00693,DEV0283,internal_test
BraTS2021_00694,DEV0284,train
BraTS2021_00697,DEV0285,internal_test
BraTS2021_00698,DEV0286,train
BraTS2021_00703,DEV0287,train
BraTS2021_00704,DEV0288,internal_test
BraTS2021_00705,DEV0289,train
BraTS2021_00706,DEV0290,train
BraTS2021_00707,DEV0291,train
BraTS2021_00708,DEV0292,train
BraTS2021_00709,DEV0293,internal_test
BraTS2021_00714,DEV0294,train
BraTS2021_00715,DEV0295,train
BraTS2021_00716,DEV0296,train
BraTS2021_00718,DEV0297,train
BraTS2021_00723,DEV0298,train
BraTS2021_00724,DEV0299,train
BraTS2021_00725,DEV0300,internal_test
BraTS2021_00727,DEV0301,train
BraTS2021_00728,DEV0302,train
BraTS2021_00729,DEV0303,train
BraTS2021_00730,DEV0304,train
BraTS2021_00731,DEV0305,train
BraTS2021_00732,DEV0306,internal_test
BraTS2021_00733,DEV0307,train
BraTS2021_00734,DEV0308,internal_test
BraTS2021_00735,DEV0309,train
BraTS2021_00736,DEV0310,internal_test
BraTS2021_00737,DEV0311,train
BraTS2021_00739,DEV0312,train
BraTS2021_00740,DEV0313,train
BraTS2021_00742,DEV0314,train
BraTS2021_00744,DEV0315,train
BraTS2021_00746,DEV0316,train
BraTS2021_00747,DEV0317,internal_test
BraTS2021_00750,DEV0318,train
BraTS2021_00751,DEV0319,train
BraTS2021_00753,DEV0320,validation
BraTS2021_00756,DEV0321,train
BraTS2021_00757,DEV0322,validation
BraTS2021_00758,DEV0002,train
BraTS2021_00759,DEV0323,internal_test
BraTS2021_00760,DEV0324,train
BraTS2021_00764,DEV0325,train
BraTS2021_00765,DEV0326,train
BraTS2021_00767,DEV0327,train
BraTS2021_00768,DEV0328,internal_test
BraTS2021_00772,DEV0329,train
BraTS2021_00773,DEV0330,train
BraTS2021_00774,DEV0331,train
BraTS2021_00775,DEV0332,train
BraTS2021_00777,DEV0333,internal_test
BraTS2021_00778,DEV0334,train
BraTS2021_00831,DEV0335,internal_test
BraTS2021_00999,DEV0336,train
BraTS2021_01002,DEV0337,train
BraTS2021_01003,DEV0338,train
BraTS2021_01005,DEV0339,validation
BraTS2021_01007,DEV0340,train
BraTS2021_01009,DEV0341,train
BraTS2021_01011,DEV0342,train
BraTS2021_01012,DEV0343,train
BraTS2021_01013,DEV0344,internal_test
BraTS2021_01014,DEV0345,train
BraTS2021_01015,DEV0346,train
BraTS2021_01016,DEV0347,train
BraTS2021_01017,DEV0348,train
BraTS2021_01018,DEV0349,internal_test
BraTS2021_01019,DEV0350,validation
BraTS2021_01020,DEV0351,validation
BraTS2021_01021,DEV0352,validation
BraTS2021_01022,DEV0353,train
BraTS2021_01023,DEV0354,train
BraTS2021_01024,DEV0355,internal_test
BraTS2021_01025,DEV0356,train
BraTS2021_01026,DEV0357,train
BraTS2021_01027,DEV0358,train
BraTS2021_01028,DEV0359,train
BraTS2021_01035,DEV0360,train
BraTS2021_01139,DEV0361,validation
BraTS2021_01140,DEV0362,internal_test
BraTS2021_01141,DEV0363,train
BraTS2021_01142,DEV0364,train
BraTS2021_01143,DEV0365,train
BraTS2021_01144,DEV0366,validation
BraTS2021_01145,DEV0367,internal_test
BraTS2021_01146,DEV0368,train
BraTS2021_01153,DEV0369,train
BraTS2021_01154,DEV0370,train
BraTS2021_01155,DEV0371,train
BraTS2021_01156,DEV0372,train
BraTS2021_01157,DEV0373,internal_test
BraTS2021_01158,DEV0374,train
BraTS2021_01159,DEV0375,train
BraTS2021_01160,DEV0376,train
BraTS2021_01161,DEV0377,validation
BraTS2021_01163,DEV0378,train
BraTS2021_01164,DEV0379,train
BraTS2021_01165,DEV0380,train
BraTS2021_01166,DEV0381,train
BraTS2021_01281,DEV0382,validation
BraTS2021_01282,DEV0383,train
BraTS2021_01283,DEV0384,train
BraTS2021_01284,DEV0385,internal_test
BraTS2021_01289,DEV0386,train
BraTS2021_01290,DEV0387,train
BraTS2021_01291,DEV0388,train
BraTS2021_01292,DEV0389,train
BraTS2021_01296,DEV0390,train
BraTS2021_01297,DEV0391,train
BraTS2021_01298,DEV0392,train
BraTS2021_01300,DEV0393,train
BraTS2021_01302,DEV0394,internal_test
BraTS2021_01303,DEV0395,train
BraTS2021_01441,DEV0396,train
BraTS2021_01442,DEV0397,train
BraTS2021_01443,DEV0398,train
BraTS2021_01444,DEV0399,validation
BraTS2021_01445,DEV0400,train
BraTS2021_01446,DEV0401,train
BraTS2021_01447,DEV0402,validation
BraTS2021_01448,DEV0403,train
BraTS2021_01449,DEV0404,train
BraTS2021_01450,DEV0405,train
BraTS2021_01451,DEV0406,train
BraTS2021_01452,DEV0407,train
BraTS2021_01453,DEV0408,train
BraTS2021_01454,DEV0409,train
BraTS2021_01455,DEV0410,train
BraTS2021_01456,DEV0411,train
BraTS2021_01457,DEV0412,train
BraTS2021_01458,DEV0413,internal_test
BraTS2021_01459,DEV0414,train
BraTS2021_01460,DEV0415,train
BraTS2021_01461,DEV0416,train
BraTS2021_01462,DEV0417,train
BraTS2021_01463,DEV0418,validation
BraTS2021_01464,DEV0419,train
BraTS2021_01465,DEV0420,train
BraTS2021_01466,DEV0421,train
BraTS2021_01467,DEV0422,train
BraTS2021_01468,DEV0423,internal_test
BraTS2021_01469,DEV0424,train
BraTS2021_01470,DEV0425,train
BraTS2021_01471,DEV0426,train
BraTS2021_01472,DEV0427,train
BraTS2021_01473,DEV0428,train
BraTS2021_01474,DEV0429,validation
BraTS2021_01475,DEV0430,train
BraTS2021_01476,DEV0431,validation
BraTS2021_01477,DEV0432,train
BraTS2021_01478,DEV0433,train
BraTS2021_01479,DEV0434,train
BraTS2021_01480,DEV0435,train
BraTS2021_01481,DEV0436,internal_test
BraTS2021_01482,DEV0437,train
BraTS2021_01483,DEV0438,train
BraTS2021_01484,DEV0439,train
BraTS2021_01485,DEV0440,train
BraTS2021_01486,DEV0441,train
BraTS2021_01487,DEV0442,train
BraTS2021_01488,DEV0443,internal_test
BraTS2021_01489,DEV0444,train
BraTS2021_01490,DEV0445,validation
BraTS2021_01491,DEV0446,train
BraTS2021_01492,DEV0447,internal_test
BraTS2021_01493,DEV0448,train
BraTS2021_01494,DEV0449,train
BraTS2021_01495,DEV0450,train
BraTS2021_01496,DEV0451,internal_test
BraTS2021_01497,DEV0452,train
BraTS2021_01498,DEV0453,internal_test
BraTS2021_01499,DEV0454,train
BraTS2021_01500,DEV0455,train
BraTS2021_01501,DEV0456,train
BraTS2021_01502,DEV0457,train
BraTS2021_01503,DEV0458,validation
BraTS2021_01504,DEV0459,internal_test
BraTS2021_01505,DEV0460,internal_test
BraTS2021_01506,DEV0461,train
BraTS2021_01507,DEV0462,internal_test
BraTS2021_01508,DEV0463,train
BraTS2021_01509,DEV0464,validation
BraTS2021_01510,DEV0465,train
BraTS2021_01511,DEV0466,internal_test
BraTS2021_01512,DEV0467,train
BraTS2021_01513,DEV0468,train
BraTS2021_01514,DEV0469,train
BraTS2021_01515,DEV0470,train
BraTS2021_01516,DEV0471,train
BraTS2021_01517,DEV0472,validation
BraTS2021_01518,DEV0473,train
BraTS2021_01519,DEV0474,train
BraTS2021_01520,DEV0475,validation
BraTS2021_01521,DEV0476,train
BraTS2021_01522,DEV0477,train
BraTS2021_01523,DEV0478,train
BraTS2021_01524,DEV0479,internal_test
BraTS2021_01525,DEV0480,train
BraTS2021_01526,DEV0481,train
BraTS2021_01527,DEV0482,train
BraTS2021_01528,DEV0483,train
BraTS2021_01529,DEV0484,train
BraTS2021_01530,DEV0485,train
BraTS2021_01531,DEV0486,validation
BraTS2021_01532,DEV0487,train
BraTS2021_01533,DEV0488,train
BraTS2021_01534,DEV0489,internal_test
BraTS2021_01535,DEV0490,train
BraTS2021_01536,DEV0491,train
BraTS2021_01663,DEV0492,train
BraTS2021_01664,DEV0493,train
BraTS2021_01665,DEV0494,train
BraTS2021_01666,DEV0495,internal_test
